,rg_id,reaction_time,treated,temperature,replicate,buffer_id,fmod_val,valtype,site,base,site_base,sample_name,collapsed_tform
0,80,1620.0,1,25.0,2,1,0.00322,modrate,15,A,15_A,031_fourU_WT_25c_b_1_p,0.42411001855653013
1,80,4560.0,1,25.0,2,1,0.00564,modrate,15,A,15_A,032_fourU_WT_25c_b_2_p,0.7437538181569546
2,80,8640.0,1,25.0,2,1,0.007249,modrate,15,A,15_A,033_fourU_WT_25c_b_3_p,0.9567081668763162
3,80,14700.0,1,25.0,2,1,0.00725,modrate,15,A,15_A,034_fourU_WT_25c_b_4_p,0.956840626156765
4,80,20640.0,1,25.0,2,1,0.008516,modrate,15,A,15_A,035_fourU_WT_25c_b_5_p,1.124641175864636
5,80,28440.0,1,25.0,2,1,0.008322,modrate,15,A,15_A,036_fourU_WT_25c_b_6_p,1.0989137674549412
6,80,0.0,0,25.0,2,1,0.000457,modrate,15,A,15_A,080_fourU_WT25c_b_6_m,0.06010878662349186
