,rg_id,reaction_time,treated,temperature,replicate,buffer_id,fmod_val,valtype,site,base,site_base,sample_name,collapsed_tform
0,80,1620.0,1,25.0,2,1,0.003914,modrate,16,A,16_A,031_fourU_WT_25c_b_1_p,0.6730353856543603
1,80,4560.0,1,25.0,2,1,0.005621,modrate,16,A,16_A,032_fourU_WT_25c_b_2_p,0.9673927131420902
2,80,8640.0,1,25.0,2,1,0.006812,modrate,16,A,16_A,033_fourU_WT_25c_b_3_p,1.1730697491520097
3,80,14700.0,1,25.0,2,1,0.006858,modrate,16,A,16_A,034_fourU_WT_25c_b_4_p,1.1810185606668135
4,80,20640.0,1,25.0,2,1,0.007981,modrate,16,A,16_A,035_fourU_WT_25c_b_5_p,1.3751875352639804
5,80,28440.0,1,25.0,2,1,0.007633,modrate,16,A,16_A,036_fourU_WT_25c_b_6_p,1.3149941369088471
6,80,0.0,0,25.0,2,1,0.001603,modrate,16,A,16_A,080_fourU_WT25c_b_6_m,0.27532624740144135
