,rg_id,reaction_time,treated,temperature,replicate,buffer_id,fmod_val,valtype,site,base,site_base,sample_name,collapsed_tform
0,80,1620.0,1,25.0,2,1,0.022133,modrate,18,A,18_A,031_fourU_WT_25c_b_1_p,0.35467866525648006
1,80,4560.0,1,25.0,2,1,0.041912,modrate,18,A,18_A,032_fourU_WT_25c_b_2_p,0.6784943794504895
2,80,8640.0,1,25.0,2,1,0.055056,modrate,18,A,18_A,033_fourU_WT_25c_b_3_p,0.8974026159518049
3,80,14700.0,1,25.0,2,1,0.056845,modrate,18,A,18_A,034_fourU_WT_25c_b_4_p,0.9274329003562563
4,80,20640.0,1,25.0,2,1,0.065937,modrate,18,A,18_A,035_fourU_WT_25c_b_5_p,1.0809376614377304
5,80,28440.0,1,25.0,2,1,0.063614,modrate,18,A,18_A,036_fourU_WT_25c_b_6_p,1.0415756485795569
6,80,0.0,0,25.0,2,1,0.001598,modrate,18,A,18_A,080_fourU_WT25c_b_6_m,0.025343567515765168
