,rg_id,reaction_time,treated,temperature,replicate,buffer_id,fmod_val,valtype,site,base,site_base,sample_name,collapsed_tform
0,80,1620.0,1,25.0,2,1,0.006609,modrate,22,A,22_A,031_fourU_WT_25c_b_1_p,0.609228188672873
1,80,4560.0,1,25.0,2,1,0.010207,modrate,22,A,22_A,032_fourU_WT_25c_b_2_p,0.9426037540409106
2,80,8640.0,1,25.0,2,1,0.012498,modrate,22,A,22_A,033_fourU_WT_25c_b_3_p,1.155510270935436
3,80,14700.0,1,25.0,2,1,0.012415,modrate,22,A,22_A,034_fourU_WT_25c_b_4_p,1.147788320640453
4,80,20640.0,1,25.0,2,1,0.014574,modrate,22,A,22_A,035_fourU_WT_25c_b_5_p,1.3488634926036231
5,80,28440.0,1,25.0,2,1,0.01441,modrate,22,A,22_A,036_fourU_WT_25c_b_6_p,1.3335741490658142
6,80,0.0,0,25.0,2,1,0.003131,modrate,22,A,22_A,080_fourU_WT25c_b_6_m,0.288117069131681
