,rg_id,reaction_time,treated,temperature,replicate,buffer_id,fmod_val,valtype,site,base,site_base,sample_name,collapsed_tform
0,80,1620.0,1,25.0,2,1,0.002285,modrate,26,A,26_A,031_fourU_WT_25c_b_1_p,0.4545896253698565
1,80,4560.0,1,25.0,2,1,0.004286,modrate,26,A,26_A,032_fourU_WT_25c_b_2_p,0.8535347107107195
2,80,8640.0,1,25.0,2,1,0.005425,modrate,26,A,26_A,033_fourU_WT_25c_b_3_p,1.0809786064825038
3,80,14700.0,1,25.0,2,1,0.005243,modrate,26,A,26_A,034_fourU_WT_25c_b_4_p,1.0446180285626603
4,80,20640.0,1,25.0,2,1,0.006436,modrate,26,A,26_A,035_fourU_WT_25c_b_5_p,1.2830808363030668
5,80,28440.0,1,25.0,2,1,0.006043,modrate,26,A,26_A,036_fourU_WT_25c_b_6_p,1.2044944195961793
6,80,0.0,0,25.0,2,1,0.001146,modrate,26,A,26_A,080_fourU_WT25c_b_6_m,0.22786113085684964
