,rg_id,reaction_time,treated,temperature,replicate,buffer_id,fmod_val,valtype,site,base,site_base,sample_name,collapsed_tform
0,80,1620.0,1,25.0,2,1,0.002151,modrate,29,A,29_A,031_fourU_WT_25c_b_1_p,0.45714647175004014
1,80,4560.0,1,25.0,2,1,0.003549,modrate,29,A,29_A,032_fourU_WT_25c_b_2_p,0.7547884675135665
2,80,8640.0,1,25.0,2,1,0.00462,modrate,29,A,29_A,033_fourU_WT_25c_b_3_p,0.9830929718855725
3,80,14700.0,1,25.0,2,1,0.004643,modrate,29,A,29_A,034_fourU_WT_25c_b_4_p,0.9879985636300926
4,80,20640.0,1,25.0,2,1,0.005702,modrate,29,A,29_A,035_fourU_WT_25c_b_5_p,1.2139919230954588
5,80,28440.0,1,25.0,2,1,0.005515,modrate,29,A,29_A,036_fourU_WT_25c_b_6_p,1.174068142202116
6,80,0.0,0,25.0,2,1,0.000647,modrate,29,A,29_A,080_fourU_WT25c_b_6_m,0.1374017524355904
