,rg_id,reaction_time,treated,temperature,replicate,buffer_id,fmod_val,valtype,site,base,site_base,sample_name,collapsed_tform
0,80,1620.0,1,25.0,2,1,0.002796,modrate,34,A,34_A,031_fourU_WT_25c_b_1_p,0.3408370900697353
1,80,4560.0,1,25.0,2,1,0.005642,modrate,34,A,34_A,032_fourU_WT_25c_b_2_p,0.6887521158227753
2,80,8640.0,1,25.0,2,1,0.007524,modrate,34,A,34_A,033_fourU_WT_25c_b_3_p,0.9193684109500134
3,80,14700.0,1,25.0,2,1,0.007559,modrate,34,A,34_A,034_fourU_WT_25c_b_4_p,0.9236613776359655
4,80,20640.0,1,25.0,2,1,0.008974,modrate,34,A,34_A,035_fourU_WT_25c_b_5_p,1.0973467961495942
5,80,28440.0,1,25.0,2,1,0.008715,modrate,34,A,34_A,036_fourU_WT_25c_b_6_p,1.065537079479468
6,80,0.0,0,25.0,2,1,0.000472,modrate,34,A,34_A,080_fourU_WT25c_b_6_m,0.05747068080105104
