,rg_id,reaction_time,treated,temperature,replicate,buffer_id,fmod_val,valtype,site,base,site_base,sample_name,collapsed_tform
0,80,1620.0,1,25.0,2,1,0.004047,modrate,35,A,35_A,031_fourU_WT_25c_b_1_p,0.3913967630893282
1,80,4560.0,1,25.0,2,1,0.006886,modrate,35,A,35_A,032_fourU_WT_25c_b_2_p,0.6669147875677074
2,80,8640.0,1,25.0,2,1,0.009184,modrate,35,A,35_A,033_fourU_WT_25c_b_3_p,0.8905074845674334
3,80,14700.0,1,25.0,2,1,0.009559,modrate,35,A,35_A,034_fourU_WT_25c_b_4_p,0.927043753851963
4,80,20640.0,1,25.0,2,1,0.011614,modrate,35,A,35_A,035_fourU_WT_25c_b_5_p,1.1275084478792876
5,80,28440.0,1,25.0,2,1,0.011275,modrate,35,A,35_A,036_fourU_WT_25c_b_6_p,1.0944103991792353
6,80,0.0,0,25.0,2,1,0.000537,modrate,35,A,35_A,080_fourU_WT25c_b_6_m,0.0518435419383419
