,rg_id,reaction_time,treated,temperature,replicate,buffer_id,fmod_val,valtype,site,base,site_base,sample_name,collapsed_tform
0,80,1620.0,1,25.0,2,1,0.009695,modrate,7,A,7_A,031_fourU_WT_25c_b_1_p,0.43462662755684617
1,80,4560.0,1,25.0,2,1,0.017307,modrate,7,A,7_A,032_fourU_WT_25c_b_2_p,0.7788647822824403
2,80,8640.0,1,25.0,2,1,0.021589,modrate,7,A,7_A,033_fourU_WT_25c_b_3_p,0.9736838421586589
3,80,14700.0,1,25.0,2,1,0.022115,modrate,7,A,7_A,034_fourU_WT_25c_b_4_p,0.9976741545574186
4,80,20640.0,1,25.0,2,1,0.024824,modrate,7,A,7_A,035_fourU_WT_25c_b_5_p,1.1214335534688809
5,80,28440.0,1,25.0,2,1,0.025379,modrate,7,A,7_A,036_fourU_WT_25c_b_6_p,1.1468308981269915
6,80,0.0,0,25.0,2,1,0.002075,modrate,7,A,7_A,080_fourU_WT25c_b_6_m,0.09266672009686426
