,rg_id,reaction_time,treated,temperature,replicate,buffer_id,fmod_val,valtype,site,base,site_base,sample_name,collapsed_tform
0,80,1620.0,1,25.0,2,1,0.01094,modrate,8,A,8_A,031_fourU_WT_25c_b_1_p,0.44894508737713035
1,80,4560.0,1,25.0,2,1,0.018127,modrate,8,A,8_A,032_fourU_WT_25c_b_2_p,0.7465890753602689
2,80,8640.0,1,25.0,2,1,0.024063,modrate,8,A,8_A,033_fourU_WT_25c_b_3_p,0.9940713429948967
3,80,14700.0,1,25.0,2,1,0.024416,modrate,8,A,8_A,034_fourU_WT_25c_b_4_p,1.00883591585139
4,80,20640.0,1,25.0,2,1,0.027225,modrate,8,A,8_A,035_fourU_WT_25c_b_5_p,1.1265158628785978
5,80,28440.0,1,25.0,2,1,0.028597,modrate,8,A,8_A,036_fourU_WT_25c_b_6_p,1.184117863186418
6,80,0.0,0,25.0,2,1,0.002821,modrate,8,A,8_A,080_fourU_WT25c_b_6_m,0.11529375666404043
