,rg_id,reaction_time,treated,temperature,replicate,buffer_id,fmod_val,valtype,site,base,site_base,sample_name,collapsed_tform
0,80,1620.0,1,25.0,2,1,0.008691,modrate,9,C,9_C,031_fourU_WT_25c_b_1_p,0.6096389586087895
1,80,4560.0,1,25.0,2,1,0.013154,modrate,9,C,9_C,032_fourU_WT_25c_b_2_p,0.9247808718123134
2,80,8640.0,1,25.0,2,1,0.01622,modrate,9,C,9_C,033_fourU_WT_25c_b_3_p,1.1421046036854139
3,80,14700.0,1,25.0,2,1,0.016978,modrate,9,C,9_C,034_fourU_WT_25c_b_4_p,1.1959374629620558
4,80,20640.0,1,25.0,2,1,0.018225,modrate,9,C,9_C,035_fourU_WT_25c_b_5_p,1.2845892893095352
5,80,28440.0,1,25.0,2,1,0.018479,modrate,9,C,9_C,036_fourU_WT_25c_b_6_p,1.3026604812585294
6,80,0.0,0,25.0,2,1,0.003725,modrate,9,C,9_C,080_fourU_WT25c_b_6_m,0.26064252531790466
