site,disp_name,lnkobs_25C,lnkobs_25C_err,lnkadd_25C,lnkadd_25C_err,base
7,4U_wt,-11.835930561370487,0.11458283181454565,-10.013207962961499,0.5040646442844288,A
8,4U_wt,-11.8064388481337,0.11194995155912671,-10.013207962961499,0.5040646442844288,A
15,4U_wt,-12.998746808454458,0.12235682385509271,-10.013207962961499,0.5040646442844288,A
16,4U_wt,-13.221111568177534,0.12797607462217062,-10.013207962961499,0.5040646442844288,A
22,4U_wt,-12.573927513167732,0.122671017507594,-10.013207962961499,0.5040646442844288,A
26,4U_wt,-13.378481013633934,0.12916382668015614,-10.013207962961499,0.5040646442844288,A
29,4U_wt,-13.501817991167679,0.12329466568543632,-10.013207962961499,0.5040646442844288,A
34,4U_wt,-12.583202618497921,0.17461955805910626,-10.013207962961499,0.5040646442844288,A
35,4U_wt,-12.470478342719584,0.1369684051127768,-10.013207962961499,0.5040646442844288,A
7,4U_a8c,-13.616027507186235,0.13042570833183997,-10.013207962961499,0.5040646442844288,A
15,4U_a8c,-13.71897022943696,0.13157304165071546,-10.013207962961499,0.5040646442844288,A
16,4U_a8c,-13.918992317043534,0.11469435204804404,-10.013207962961499,0.5040646442844288,A
22,4U_a8c,-12.378451926252954,,-10.013207962961499,0.5040646442844288,A
26,4U_a8c,-13.837797914447902,0.1398606339823683,-10.013207962961499,0.5040646442844288,A
29,4U_a8c,-14.57127947648648,0.1474619638778245,-10.013207962961499,0.5040646442844288,A
34,4U_a8c,-13.71423747099957,1.4857018871371468,-10.013207962961499,0.5040646442844288,A
35,4U_a8c,-13.29405933841285,1.5131195603686096,-10.013207962961499,0.5040646442844288,A
9,4U_wt,-12.570689572507119,0.1413504671044934,-8.94018689411976,0.22279478224136454,C
25,4U_wt,-14.811347956647221,0.1761112094584216,-8.94018689411976,0.22279478224136454,C
8,4U_a8c,-14.666163585501259,0.43841014492991676,-8.94018689411976,0.22279478224136454,C
9,4U_a8c,-16.020964995152703,,-8.94018689411976,0.22279478224136454,C
25,4U_a8c,-15.845936899675275,0.25272960261116884,-8.94018689411976,0.22279478224136454,C
