Dataset1,Dataset2,Slope,Intercept,Slope_StdErr,Intercept_StdErr,R_squared
DMS,NMR,0.32852077838149096,1.294526455947067,0.05417330366700603,0.27539541425447334,0.7242748432036104
DMS,NNensemble,0.4039674596795481,0.8319567265571853,0.045008376289565624,0.20346492561085358,0.8011088532486614
NMR,NNensemble,1.3037326859877902,-1.8137343173546832,0.15046597830970357,0.7741287230406817,0.8428306445781825
endpt,NMR,-0.7065320275424729,8.872376441896913,0.38895951673699763,2.6084757962268963,0.054719336365771754
endpt2,NMR,0.46061992744804886,4.420000456172301,0.3845907581676559,0.3331910423669172,0.024548148361103084
