site,disp_name,site_nt,dG,dG_err,site_comp,var,dG_imino,dG_err_imino
7,4U_a8c,7A,2.0964307350881537,0.1049686724590008,7,4U_a8c,3.5803059273422564,0.033460803059273424
8,4U_a8c,8C,3.341507631079155,0.331338283707605,8,4U_a8c,9.443116634799233,0.6620458891013384
9,4U_a8c,9C,4.2545673438640925,0.0,9,4U_a8c,6.8188336520076485,0.40152963671128106
9,4U_wt,9C,2.059764772413174,0.0900940190782933,9,4U_wt,4.041586998087954,0.1864244741873805
15,4U_a8c,15A,2.171444827572791,0.1056842267459408,15,4U_a8c,4.103728489483748,0.10516252390057361
15,4U_wt,15A,1.7842256088867252,0.0761959137281147,15,4U_wt,4.00095602294455,0.05736137667304015
16,4U_a8c,16A,2.347439786343856,0.0896025665212586,16,4U_a8c,2.523900573613767,0.04780114722753346
16,4U_wt,16A,1.969191520877896,0.0802827858156946,16,4U_wt,2.468929254302103,0.05019120458891013
25,4U_a8c,25C,4.065079191026855,0.1936478577288096,25,4U_a8c,9.091778202676863,0.20554493307839386
25,4U_wt,25C,3.8726207767311425,0.114029244211101,25,4U_wt,6.837954110898661,0.745697896749522
26,4U_a8c,26A,2.231776300178766,0.1122424457374774,26,4U_a8c,2.9278202676864242,0.03585086042065009
26,4U_wt,26A,2.104653852906915,0.0785176381208935,26,4U_wt,2.978011472275335,0.04063097514340344
29,4U_a8c,29A,2.6449268157281876,0.1161954688075482,29,4U_a8c,4.870936902485659,1.2762906309751434
29,4U_wt,29A,2.133947712430243,0.0728896791511044,29,4U_wt,4.311663479923518,0.09560229445506692
34,4U_a8c,34A,2.3092155838885833,0.9140459796816878,34,4U_a8c,2.461759082217973,0.04780114722753346
35,4U_a8c,35A,2.026809151578609,0.9676002193717754,35,4U_a8c,2.8489483747609943,0.08365200764818355
