site,base,dG,dG_err,dG_calc_20,dG_calc_20_err,dG_calc_25,dG_calc_25_err
6,G,3.697418738049713,0.02390057361376673,15.46,0.3704588910133843,3.448852772466539,0.372848948374761
7,A,3.5803059273422564,0.033460803059273424,14.9,0.614244741873805,3.324569789674952,0.6190248565965583
8,A,9.443116634799233,0.6620458891013384,39.57,1.2978011472275333,8.427342256214148,1.30736137667304
9,C,6.8188336520076485,0.40152963671128106,28.4,2.8967495219885273,6.218929254302103,2.9134799235181643
11,U,4.1108986615678775,0.2868068833652007,17.31,1.9956978967495218,3.919694072657743,2.0076481835564053
12,U,4.1108986615678775,0.2868068833652007,17.31,1.9956978967495218,3.919694072657743,2.0076481835564053
15,A,4.103728489483748,0.10516252390057361,17.29,0.532982791586998,3.8623326959847035,0.5377629063097514
16,A,2.523900573613767,0.04780114722753346,10.45,1.5798279158699808,2.4091778202676863,1.5893881453154877
25,C,9.091778202676863,0.20554493307839386,38.14,3.111854684512428,8.188336520076481,3.1309751434034414
26,A,2.9278202676864242,0.03585086042065009,12.32,0.5258126195028681,2.856118546845124,0.5305927342256215
27,G,2.987571701720841,0.05019120458891013,12.4,0.43021032504780116,2.8847992351816445,0.4326003824091778
28,G,3.7284894837476097,0.021510516252390057,15.56,0.27724665391969405,3.5611854684512427,0.2796367112810707
29,A,4.870936902485659,1.2762906309751434,20.42,1.9909177820267685,4.581739961759083,2.002868068833652
33,U,3.726099426386233,0.09082217973231357,16.4,1.431644359464627,3.618546845124283,1.441204588910134
34,A,2.461759082217973,0.04780114722753346,10.2,0.4158699808795411,2.4354684512428295,0.4182600382409178
35,A,2.8489483747609943,0.08365200764818355,11.44,0.6955066921606119,2.6912045889101335,0.7002868068833652
