time,peak
780,9.00E-01
1054,8.98E-01
1177,8.79E-01
1300,8.73E-01
1423,8.77E-01
1546,8.69E-01
1670,8.72E-01
1793,8.71E-01
1917,8.65E-01
2040,8.68E-01
2163,8.69E-01
2287,8.65E-01
2410,8.68E-01
2533,8.64E-01
2656,0.860272116
2780,0.860148338
2903,0.861430232
3026,0.859727462
3150,0.863275292
3273,0.861427247
3396,0.863151445
3520,0.860209937
3643,0.865191505