time,peak
349,0.975046718
441,0.970100883
533,0.96746009
625,0.961550821
717,0.960183257
809,0.960259248
901,0.957974931
992,0.956356836
1084,0.955599009
1176,0.95205248
1268,0.951365067
1360,0.951930626
1452,0.952012658
1544,0.951486754
1635,0.953134059
1727,0.950773009
1819,0.951796834
1911,0.949641237
2003,0.951225226
2095,0.952382076