time,peak
349,0.52702438
441,0.526186786
533,0.522629579
625,0.521641606
717,0.521582751
809,0.517507606
901,0.518106817
992,0.519208565
1084,0.516432947
1176,0.518275711
1268,0.516892041
1360,0.515984976
1452,0.513436946
1544,0.517724404
1635,0.515930377
1727,0.516293359
1819,0.514142744
1911,0.514818652
2003,0.514937855
2095,0.513877008