time,peak
348,0.973242324
440,0.970764766
532,0.96348394
624,0.95642868
715,0.96171738
807,0.955451766
899,0.955072681
991,0.949267779
1083,0.955738821
1175,0.950032295
1267,0.954373136
1358,0.954450739
1450,0.952777341
1542,0.951763672
1634,0.957050727
1726,0.94895218
1818,0.958953221
1910,0.958567135
2002,0.954326848
2093,0.951363943