base,method,Ea,Ea_err,lnA,lnA_err,r_squared
A,nmr,15.41939342871557,5.184316046598414,19.305092023203,8.412201159288344,0.9528781979131145
A,unpaired,14.252944475620376,0.30292270674598665,13.329961340391897,0.4796728233791569,0.9371175722231901
A,melted_agg,12.609121577861282,3.4505678684001784,10.95253005004834,5.121508011972764,0.5462064361288866
C,nmr,22.94550306316315,1.5555633201645525,31.931725863738933,2.5951778424208096,0.7785487225721032
C,unpaired,16.613765057119803,0.673744365682649,16.905567700062665,1.0043467169331717,0.9922090404835789
C,melted_agg,6.3685637059892395,1.5593938392759676,1.8748556234142733,2.338909999751564,0.3537517532326777
G,nmr,29.16218146730115,2.715549846489917,42.41907040022699,4.463551278506247,0.8504586735322198
G,unpaired,13.785203421606923,3.8542646046272853,10.731867587576343,6.112207730504268,-0.5430842015587125
G,melted_agg,10.0344402081613,10.880548799178596,3.4656324589821317,16.00426916707411,0.14702135717046017
