,site,new,nmr,old,oldnmr
3,9,4.385569704307032,11.373800000000017,3.2599466421313714,2.6611725953649934
6,15,0.5228013675062062,0.6459500000000133,1.5604289065602224,0.9639732119281064
7,16,0.16165624744257556,0.14229999999999876,1.2451823197606675,0.6518340794991815
9,25,2.942058360266717,9.698949999999996,-0.22472650700985497,-0.8173512918337416
10,26,0.31438988483149544,-0.2501000000000069,0.29199821721387487,-0.2992603344609961
13,29,4.343727912175101,2.3233499999999765,2.155056095126753,1.5595438437078997
