,site,var,new,nmr,old,oldnmr
2,7,A8C,9.516888769626178,14.903149999999997,14.895382156782636,16.886956675186376
4,8,A8C,15.234389450226343,39.56785000000005,15.951456697689421,16.533977833127718
6,9,A8C,11.689616275040919,28.400600000000026,15.376833761921391,15.968965465637671
7,9,WT,7.304046570733887,17.02680000000001,12.11688711979002,13.307792870272678
12,15,A8C,9.427274919587708,17.288100000000014,14.869890178285855,16.8646235068791
13,15,WT,8.904473552081502,16.64215,13.309461271725633,15.900650294950992
14,16,A8C,8.408594426518182,10.45375,14.809304695708814,16.80456344535341
15,16,WT,8.246938179075606,10.31145,13.564122375948147,16.152729365854228
18,25,A8C,14.524144477919613,38.13874999999999,16.95825969506189,17.548181641208206
19,25,WT,11.582086117652896,28.43979999999999,17.182986202071746,18.365532933041948
20,26,A8C,9.665121250246738,12.3169,14.5775666811134,16.57160590609232
21,26,WT,9.350731365415243,12.567000000000007,14.285568463899525,16.870866240553315
26,29,A8C,12.865347495028233,20.41565,16.81491319024357,18.806202896842958
27,29,WT,8.521619582853132,18.092300000000023,14.659857095116816,17.24665905313506
