time,peak
780,9.27E-01
1054,9.21E-01
1177,9.15E-01
1300,9.13E-01
1423,9.09E-01
1546,9.08E-01
1670,9.05E-01
1793,9.03E-01
1917,9.01E-01
2040,8.97E-01
2163,9.00E-01
2287,8.98E-01
2410,9.00E-01
2533,8.97E-01
2656,0.899615264
2780,0.896844336
2903,0.896778834
3026,0.899285423
3150,0.89623199
3273,0.898449276
3396,0.899328272
3520,0.89580558
3643,0.899625598