time,peak
380,0.906782916
472,0.884909831
564,0.872640895
655,0.859482559
747,0.855941962
839,0.862339914
931,0.831736432
1023,0.840932534
1115,0.840160062
1207,0.847127778
1298,0.837657349
1390,0.829997867
1482,0.825629377
1574,0.828327934
1666,0.830075743
1758,0.829746081
1849,0.824685173
1941,0.827878074
2033,0.829691534
2125,0.825569832