,site,disp_name,base,site_nt,dG,dG_err
0,7,4U_wt,A,7A,0.9755147751381598,0.36529612757162483
1,8,4U_wt,A,8A,0.9546137369513813,0.3670052836138314
2,15,4U_wt,A,15A,1.7381767500995282,0.3236729238295415
3,16,4U_wt,A,16A,1.8761757649685924,0.3211119959661572
4,22,4U_wt,A,22A,1.469554373601542,0.333099045958016
5,26,4U_wt,A,26A,1.9730397081107605,0.3193335330998758
6,29,4U_wt,A,29A,2.048570371327257,0.31714156436762586
7,34,4U_wt,A,34A,1.4755074804451516,0.3422585425750071
8,35,4U_wt,A,35A,1.4028315483595843,0.3384767564527265
9,7,4U_a8c,A,7A,2.1182490381227055,0.3171268590566563
10,15,4U_a8c,A,15A,2.1808622247685197,0.3164356079592287
11,16,4U_a8c,A,16A,2.30207297112611,0.31257494720452267
12,22,4U_a8c,A,22A,1.3429318627886515,0.3296097688008529
13,26,4U_a8c,A,26A,2.252936360354591,0.3168497211774998
14,29,4U_a8c,A,29A,2.694345413841216,0.3144644031217066
15,34,4U_a8c,A,34A,2.177987299220917,0.953078283429919
16,35,4U_a8c,A,35A,1.9211503268290757,0.9818506668085994
17,9,4U_wt,C,9C,2.1351038196447116,0.16058381049188367
18,25,4U_wt,C,25C,3.4769016380863853,0.16873802871799184
19,8,4U_a8c,C,8C,3.390620256322228,0.2923212902305476
20,9,4U_a8c,C,9C,4.194755897417607,0.1321136786011814
21,25,4U_a8c,C,25C,4.09095897290953,0.19981556871438877
0,18,4U_a8c,A,18A,-0.1978182641084246,0.07001602363792374
1,18,4U_wt,A,18A,0.1150925551351178,0.1998917847901373
