construct,site,temp_C,ln_kobs,ln_kobs_err,ln_kadd,ln_kadd_err,n
4U_wt,18_A,25,-11.221658765614436,0.030256356691084337,-9.900465847320302,0.3164683266768166,2
4U_a8c,18_A,25,-10.634498743874412,0.054610108623979116,-9.900465847320302,0.3164683266768166,3
