construct,site,temp_C,ln_kobs,ln_kobs_err,ln_kadd,ln_kadd_err,n
4U_wt,18_A,25,-11.220245416566563,0.030268398267293575,-9.900465847320302,0.3164683266768166,2
4U_a8c,18_A,25,-10.571049740310807,0.04203345356279769,-9.900465847320302,0.3164683266768166,4
