construct,site,temp_C,ln_kobs,ln_kobs_err,ln_kadd,ln_kadd_err
4U_wt,7_A,25.0,-12.012759326076694,0.11850029729262762,-9.900465847320302,0.3164683266768166
4U_wt,8_A,25.0,-11.999762186683144,0.11831207690291218,-9.900465847320302,0.3164683266768166
4U_wt,9_C,25.0,-12.56987584061843,0.12471902790231137,-9.384574494259525,0.15212436897501289
4U_wt,15_A,25.0,-13.124860214739515,0.1261016370228628,-9.900465847320302,0.3164683266768166
4U_wt,16_A,25.0,-13.395181624433746,0.13605850248519172,-9.900465847320302,0.3164683266768166
4U_wt,22_A,25.0,-12.757430758431369,0.12690386022436123,-9.900465847320302,0.3164683266768166
4U_wt,25_C,25.0,-14.960742463718699,0.15619988561463552,-9.384574494259525,0.15212436897501289
4U_wt,26_A,25.0,-13.584103461194504,0.1279483338643834,-9.900465847320302,0.3164683266768166
4U_wt,29_A,25.0,-13.5698162531399,0.13540809574810986,-9.900465847320302,0.3164683266768166
4U_wt,34_A,25.0,-12.882654358037506,0.18501700615481154,-9.900465847320302,0.3164683266768166
4U_wt,35_A,25.0,-12.707807505963768,0.13652144084490803,-9.900465847320302,0.3164683266768166
4U_a8c,7_A,25.0,-13.75027774249267,0.14714355783084013,-9.900465847320302,0.3164683266768166
4U_a8c,8_C,25.0,-15.511708934598236,0.4260293118858107,-9.384574494259525,0.15212436897501289
4U_a8c,9_C,25.0,-15.313501315882018,1.3836727408496206,-9.384574494259525,0.15212436897501289
4U_a8c,15_A,25.0,-13.72823904227198,0.13118550216307473,-9.900465847320302,0.3164683266768166
4U_a8c,16_A,25.0,-13.942788450995542,0.10694186659455998,-9.900465847320302,0.3164683266768166
4U_a8c,22_A,25.0,-12.461916681155612,0.12227612303588392,-9.900465847320302,0.3164683266768166
4U_a8c,25_C,25.0,-15.802412430770294,1.0301054538609413,-9.384574494259525,0.15212436897501289
4U_a8c,26_A,25.0,-13.909093089970213,0.14457263705404025,-9.900465847320302,0.3164683266768166
4U_a8c,29_A,25.0,-14.740282567567029,0.15410859819212064,-9.900465847320302,0.3164683266768166
4U_a8c,34_A,25.0,-13.760093547969667,372.6207076722133,-9.900465847320302,0.3164683266768166
4U_a8c,35_A,25.0,-13.264557334623026,323.60018097638687,-9.900465847320302,0.3164683266768166
