nt,x,y,arc
A,100.000000,100.000000,-1.000000
G,125.000000,100.000000,-1.000000
G,150.000000,100.000000,-1.000000
U,150.000000,125.000000,-1.000000
U,150.000000,150.000000,-1.000000
G,150.000000,175.000000,-1.000000
A,150.000000,200.000000,-1.000000
C,150.000000,225.000000,-1.000000
C,150.000000,250.000000,-1.000000
U,150.000000,275.000000,-1.000000
U,150.000000,300.000000,-1.000000
U,150.000000,325.000000,-1.000000
U,150.000000,350.000000,-1.000000
G,150.000000,375.000000,-1.000000
A,150.000000,400.000000,-1.000000
A,150.000000,425.000000,-1.000000
U,150.000000,450.000000,-1.000000
A,140.901474,473.285553,-1.000000
G,155.000000,493.930939,-1.000000
U,180.000000,493.930939,-1.000000
G,194.098526,473.285553,-1.000000
A,185.000000,450.000000,-1.000000
U,185.000000,425.000000,-1.000000
U,185.000000,400.000000,-1.000000
C,185.000000,375.000000,-1.000000
A,185.000000,350.000000,-1.000000
G,185.000000,325.000000,-1.000000
G,185.000000,300.000000,-1.000000
A,185.000000,275.000000,-1.000000
G,185.000000,250.000000,-1.000000
G,185.000000,225.000000,-1.000000
U,185.000000,200.000000,-1.000000
U,185.000000,175.000000,-1.000000
A,185.000000,150.000000,-1.000000
A,185.000000,125.000000,-1.000000
U,185.000000,100.000000,-1.000000
G,210.000000,100.000000,-1.000000
G,235.000000,100.000000,-1.000000
A,260.000000,100.000000,-1.000000
A,285.000000,100.000000,-1.000000
G,310.000000,100.000000,-1.000000
