nt,x,y,arc
A,100.000000,100.000000,-1.000000
G,125.000000,100.000000,-1.000000
G,150.000000,100.000000,-1.000000
U,150.000000,125.000000,-1.000000
U,150.000000,150.000000,-1.000000
G,150.000000,175.000000,-1.000000
A,150.000000,200.000000,-1.000000
A,139.025330,222.462341,-1.000000
C,150.000000,244.924683,-1.000000
U,150.000000,269.924683,-1.000000
U,150.000000,294.924683,-1.000000
U,150.000000,319.924683,-1.000000
U,150.000000,344.924683,-1.000000
G,150.000000,369.924683,-1.000000
A,150.000000,394.924683,-1.000000
A,150.000000,419.924683,-1.000000
U,150.000000,444.924683,-1.000000
A,140.901474,468.210236,-1.000000
G,155.000000,488.855591,-1.000000
U,180.000000,488.855591,-1.000000
G,194.098526,468.210236,-1.000000
A,185.000000,444.924683,-1.000000
U,185.000000,419.924683,-1.000000
U,185.000000,394.924683,-1.000000
C,185.000000,369.924683,-1.000000
A,185.000000,344.924683,-1.000000
G,185.000000,319.924683,-1.000000
G,185.000000,294.924683,-1.000000
A,185.000000,269.924683,-1.000000
G,185.000000,244.924683,-1.000000
G,195.974670,222.462341,-1.000000
U,185.000000,200.000000,-1.000000
U,185.000000,175.000000,-1.000000
A,185.000000,150.000000,-1.000000
A,185.000000,125.000000,-1.000000
U,185.000000,100.000000,-1.000000
G,210.000000,100.000000,-1.000000
G,235.000000,100.000000,-1.000000
A,260.000000,100.000000,-1.000000
A,285.000000,100.000000,-1.000000
G,310.000000,100.000000,-1.000000
