time,peak
490,0.975113088
612,0.966485172
734,0.962803032
856,0.963800063
977,0.95410835
1099,0.948733378
1221,0.954012482
1343,0.953514558
1465,0.953545988
1587,0.94990652
1709,0.952029732
1830,0.953795836
1952,0.952559503
2074,0.9497152
2196,0.947839073
2318,0.945141067
2440,0.947602742
2562,0.94605834
2683,0.945556113
2805,0.947870989
2927,0.945865618
3049,0.944223285
3171,0.94157426
3293,0.947636733