time,peak
288,0.390997647
380,0.39331163
472,0.387896712
564,0.386677724
656,0.383170469
747,0.381825258
839,0.381942459
931,0.38210815
1023,0.383108477
1115,0.379717229
1207,0.376780515
1299,0.380693474
1390,0.381116723
1482,0.379798942
1574,0.377864498
1666,0.375157162
1758,0.374806726
1850,0.37922132
1941,0.378598375
2033,0.377620758