group,ea,ea_err,lnA,lnA_err
prime,19.218813981109726,0.5018001659163719,24.184064738517762,0.8102848934356427
nmr,20.99983989301399,0.22006679764376255,26.885756019824782,0.3515757978519515
