time,peak
404,0.402518481
526,0.39558975
648,0.397042136
770,0.399173371
892,0.393532382
1014,0.392162151
1136,0.391257001
1257,0.392287995
1379,0.393130403
1501,0.390252781
1623,0.387379114
1745,0.388249511
1867,0.387289434
1989,0.388558376
2110,0.386281419
2232,0.38828104
2354,0.386968742
2476,0.386029498
2598,0.388179632
2720,0.386230511
2842,0.387046757
2963,0.387193909