time,peak
404,0.982830648
526,0.986801899
648,0.968869055
770,0.962363577
892,0.963311067
1014,0.963907817
1136,0.963132328
1257,0.95805023
1379,0.953446336
1501,0.951629537
1623,0.954117751
1745,0.954073892
1867,0.94795056
1989,0.948807055
2110,0.949662818
2232,0.947054066
2354,0.944747567
2476,0.950122028
2598,0.950695912
2720,0.949903248
2842,0.942918229
2963,0.947822782