time,peak
288,0.977310825
380,0.973657214
472,0.971076933
564,0.967616483
656,0.963413221
747,0.963489337
839,0.962538998
931,0.962755161
1023,0.962162799
1115,0.960193076
1207,0.95864534
1299,0.961358651
1390,0.960730868
1482,0.957947653
1574,0.961177467
1666,0.953522349
1758,0.955639763
1850,0.960889122
1941,0.957732933
2033,0.959704625