time,peak
365,0.980882428
456,0.977069048
548,0.968859869
640,0.964588846
732,0.966881145
824,0.97072659
916,0.959755755
1008,0.968411445
1099,0.962071846
1191,0.968223908
1283,0.961140332
1375,0.963339194
1467,0.962951879
1559,0.966241502
1650,0.959851331
1742,0.950117098
1834,0.966432544
1926,0.959208473
2018,0.959964797
2110,0.939110827