site,site_num,construct,ddG,ddG_err
19_C,19,hiv_a35g,-0.18797915468455018,0.26695659273208416
19_C,19,hiv_c30u,-0.11876083626864076,0.37324842423408827
19_C,19,hiv_es2,0.12112450847048262,0.3367477989882245
19_C,19,hiv_gs,-0.3112954636342218,0.2806349699780906
20_A,20,hiv_a35g,-0.1286790862001832,0.08189305444496754
20_A,20,hiv_c30u,0.08894931823156016,0.06734864359028331
20_A,20,hiv_es2,0.04172993578685236,0.0828034285377807
20_A,20,hiv_gs,-0.14124084205985166,0.1382100588211236
22_A,22,hiv_a35g,-0.11425746104261458,0.027046182959486346
22_A,22,hiv_c30u,-0.05538186426155578,0.02888688294123259
22_A,22,hiv_es2,0.3419896209796933,0.10609221724433439
22_A,22,hiv_gs,-0.08877020266513957,0.031282541413315906
24_C,24,hiv_a35g,-0.23403581469148516,0.1277631148313291
24_C,24,hiv_c30u,0.014827929009902041,0.09520980844947859
24_C,24,hiv_es2,0.8990567017134834,0.10932151767378974
24_C,24,hiv_gs,-0.25354720567614086,0.12490168169152191
27_A,27,hiv_a35g,0.01667933463304383,0.06996086685910921
27_A,27,hiv_c30u,0.3355949871887136,0.044572007435371944
27_A,27,hiv_es2,-0.1692740485971842,0.04190176379837666
27_A,27,hiv_gs,0.07412395923553272,0.0515354157129153
30_C,30,hiv_es2,0.681871244438987,0.17909532482394933
35_A,35,hiv_c30u,0.809638143941175,0.023640619632233295
35_A,35,hiv_es2,0.8753248965404957,0.041827044016541554
37_C,37,hiv_es2,0.020054173157237898,0.5374774934093619
37_C,37,hiv_gs,0.07772797937292575,0.5464927331798858
39_C,39,hiv_a35g,0.09480651995714862,0.4629925906007848
39_C,39,hiv_c30u,-0.05565627128493267,0.40551205183955547
39_C,39,hiv_es2,-0.18361805449503477,0.3906138417614254
39_C,39,hiv_gs,0.3053051761208123,0.416631636594773
41_C,41,hiv_a35g,0.2945268435984354,0.401550414468791
41_C,41,hiv_c30u,-0.19386221863141273,0.362946549754002
41_C,41,hiv_es2,0.02667290328357863,0.4239945720692612
41_C,41,hiv_gs,-0.36259888119314465,0.2903821200591573
44_C,44,hiv_c30u,0.45643888474495964,0.6579170716317477
44_C,44,hiv_es2,0.06436587634603064,0.5526158600860408
44_C,44,hiv_gs,0.18306797977757805,0.4440626650292936
45_C,45,hiv_c30u,0.5962956439766955,0.5461449946565903
45_C,45,hiv_gs,0.17549520114075423,0.433203625738129
61_A,61,hiv_a35g,0.2000122523791592,0.046057448613602524
61_A,61,hiv_c30u,0.024103846471866697,0.03805192897775327
61_A,61,hiv_es2,0.060207545162495046,0.0663881717385381
61_A,61,hiv_gs,0.09731093153273884,0.06841312762318326
