time,peak
490,0.393952942
612,0.394173731
734,0.393749942
856,0.392217642
977,0.38853682
1099,0.389930562
1221,0.389955247
1343,0.386871225
1465,0.38693491
1587,0.383910748
1709,0.385617987
1830,0.386475478
1952,0.387832544
2074,0.383503868
2196,0.386100754
2318,0.383790563
2440,0.384633436
2562,0.38348094
2683,0.384581384
2805,0.384865023
2927,0.383839067
3049,0.384535986
3171,0.381139307
3293,0.385107771