site,base,fmod_15min,ln_reactivity_15min,fmod_infinity,ln_reactivity_infinity
7,A,0.006982650358827522,-4.9943908377332615,0.027729679205732237,-3.6147941309033356
8,A,0.008600701923845521,-4.776143369462415,0.03270895195665311,-3.4437646424168826
9,C,0.005582626642921648,-5.440528412610263,0.015493952582657462,-4.5797015509216
15,A,0.002616661732508284,-6.056954196514197,0.009353174685205676,-4.755692485672802
16,A,0.002785337292341813,-5.956272151742278,0.008398879184070448,-4.849234287692086
18,A,0.019295902569362335,-3.998951114365388,0.08008370746050236,-2.5454770457258182
22,A,0.0055733986688661806,-5.209328337056846,0.01736945199755176,-4.072139271561092
25,C,0.0018903623963112761,-6.277000441643132,0.0035252155280820104,-5.686153127057854
26,A,0.0021456868118950845,-6.166065280997075,0.007155222636554684,-5.000887382866416
29,A,0.0015101261038117234,-6.5328505499445555,0.0054788292076458495,-5.286269195510712
34,A,0.003975947060126869,-5.696586067111686,0.017516086705945885,-4.198976790568515
35,A,0.004074613175583849,-5.610967743937686,0.017564707357716303,-4.129097615289007
