,temperature,construct_name,site,rg_id_rep1,rg_id_rep2,rg_id_rep3,rg_id_rep4,kobs_rep1,kobs_rep2,kobs_rep3,kobs_rep4
654,25.0,4U_wt,7,10.0,80.0,79.0,,-3.8508303947988427,-3.798009849800944,-3.7822097193332755,
655,25.0,4U_wt,8,10.0,80.0,79.0,,,-3.708979684431496,-3.691202442290462,
656,25.0,4U_wt,9,10.0,80.0,79.0,,-7.608556277332135,-4.246217584653951,-4.262243199374318,
662,25.0,4U_wt,15,10.0,80.0,79.0,,-5.370784783131188,-4.878999375478776,-4.885612277321405,
663,25.0,4U_wt,16,10.0,80.0,79.0,,-5.482018942275588,-5.145277839213481,-5.032216043601378,
665,25.0,4U_wt,18,10.0,80.0,79.0,,-2.3216437523015228,-2.7629725710698203,-2.7509738340922283,
669,25.0,4U_wt,22,10.0,80.0,79.0,,-4.100428711461272,-4.5204468990672275,-4.398397124126563,
672,25.0,4U_wt,25,10.0,80.0,79.0,,,-6.546861536982164,-6.795772911018644,
673,25.0,4U_wt,26,10.0,80.0,79.0,,-5.490494673051871,-5.291885476115227,-5.363759184308955,
676,25.0,4U_wt,29,10.0,80.0,79.0,,-6.09284540372981,-5.357994531206083,-5.38730752908114,
681,25.0,4U_wt,34,10.0,80.0,79.0,,-3.857684750638149,-4.80181516561843,-4.773233835013678,
682,25.0,4U_wt,35,10.0,80.0,79.0,,-3.936372797052925,-4.569718998514919,-4.563172005003676,
