site,base,fmod_15min,ln_reactivity_15min,fmod_infinity,ln_reactivity_infinity
7,A,0.001362994359664467,-6.652783399353088,0.0035195124286393083,-5.711816714997553
15,A,0.0014019088084902059,-6.59163143094307,0.004240701682608944,-5.473463829012768
16,A,0.0017934700623566686,-6.3274757000369215,0.004019697191419472,-5.521056269796098
18,A,0.021223167955674704,-3.8594625387805728,0.08228653884162249,-2.500027824417725
22,A,0.004728394614362959,-5.359936819214553,0.014392250710039139,-4.25195123368407
26,A,0.0018485730916168973,-6.294315250707392,0.004214509054027312,-5.469451368624527
29,A,0.000807588819471831,-7.121667942273782,0.0018637922519027887,-6.2851948292313455
34,A,0.0008926188357357424,-7.021367681263511,0.002826908380364951,-5.868573938463248
35,A,0.001543218830706124,-6.473886057723917,0.005052983434793153,-5.287864085767703
