index,intercept,slope,intercept_se,slope_se,base,lnkadd_20C,lnkadd_20C_err
4U_a8c,15.301102603739583,-7753.210853304616,7.307395092344975,2535.607889328531,A,-11.146827989146711,11.323086339704796
4U_wt,4.057575160657513,-4033.404325986826,1.6637815231653386,565.175330557953,A,-9.70126613556226,2.5465894666589626
aggregated,10.338100547814385,-6136.742559367752,4.076774589305151,1391.4522435020704,A,-10.595696345816016,6.256985211121075
4U_a8c,15.02936581566652,-7591.374133208017,7.5180227952155825,2605.9394026306773,C,-10.866503647775467,11.642285613399975
4U_wt,2.619001052897282,-3452.4352928334733,1.5032128186285858,505.79095511797095,C,-9.158025359633756,2.288347783608111
aggregated,6.421896071682116,-4724.485766680416,2.807651144918641,946.4258178907908,C,-9.6943780769804,4.278541797250879
