,site,log_kappa,log_kdeg,log_fmod_0,r2,stderr_log_kappa,stderr_log_kdeg,stderr_log_fmod_0,rg_id,temperature,disp_name,buffer_id,log_kobs,base,lnkadd_25C,lnkadd_25C_err
13,18,-2.36915488092166,-8.121079945861908,-6.468436697685104,0.9994484930226167,0.012387757981531767,0.0,0.5057574250162608,7,25,4U_a8c,1,-10.490234826783567,A,-10.013207962961499,0.5040646442844288
76,18,-2.319470443676497,-8.18494155702143,-6.117803859070874,0.9998115379841793,0.007255191191218148,0.0,0.21514241231145406,10,25,4U_wt,1,-10.504412000697927,A,-10.013207962961499,0.5040646442844288
569,18,-2.333022451297598,-8.166433741368207,-5.214917972872813,0.9980369338745718,0.023598464327266575,0.0,0.3095059322010691,32,25,4U_wt,1,-10.499456192665805,A,-10.013207962961499,0.5040646442844288
1222,18,-2.5855947516704583,-8.046199833118727,-7.213971829224666,0.9117321440498737,0.1322185418002372,0.0,10.179648636939566,67,25,4U_a8c,1,-10.631794584789185,A,-10.013207962961499,0.5040646442844288
1259,18,-2.570838397793165,-7.973976478473036,-7.210195211679641,0.9322080553991858,0.11465057735518487,0.0,9.017739875479599,69,25,4U_a8c,1,-10.544814876266202,A,-10.013207962961499,0.5040646442844288
1450,18,-2.751054595747733,-8.51195420176929,-5.946196363634438,0.9917572345443505,0.04216501552720756,0.0,0.7324839526066355,79,25,4U_wt,1,-11.263008797517024,A,-10.013207962961499,0.5040646442844288
1471,18,-2.763015925409993,-8.413176029692448,-6.082345231173555,0.9912582178218894,0.043423990590480264,0.0,0.8699543998219981,80,25,4U_wt,1,-11.176191955102441,A,-10.013207962961499,0.5040646442844288
