,site,log_kappa,log_kdeg,log_fmod_0,r2,stderr_log_kappa,stderr_log_kdeg,stderr_log_fmod_0,rg_id,temperature,disp_name,buffer_id,log_kobs,base,lnkadd_20C,lnkadd_20C_err
1142,18,-2.4143885156262286,-8.639646521938996,-7.0473000959222905,0.9244952546007401,0.1223437971909446,0.0,9.356209072922184,63,20,4U_a8c,1,-11.054035037565225,A,-10.329279448964758,0.5747230827980815
1181,18,-2.304811726049266,-8.816752335421489,-6.769766927405996,0.9742594224346787,0.07655755917829078,0.0,4.547923647881732,65,20,4U_a8c,1,-11.121564061470755,A,-10.329279448964758,0.5747230827980815
1406,18,-2.6010911060152004,-8.832087662604831,-6.769160719538348,0.9976875389052398,0.02240313614177427,0.0,1.0696567940225998,77,20,4U_wt,1,-11.433178768620031,A,-10.329279448964758,0.5747230827980815
1428,18,-2.523408450281336,-8.87681934701724,-8.832723096455274,0.9813567559744438,0.06436556787357321,0.0,25.830328088502036,78,20,4U_wt,1,-11.400227797298575,A,-10.329279448964758,0.5747230827980815
2944,18,-2.601092083947983,-8.832119785395397,-6.768840286225073,0.9976875311650534,0.022403170059855683,0.0,1.0693096655001195,77,20,4U_wt,1,-11.433211869343381,A,-10.329279448964758,0.5747230827980815
2966,18,-2.5234078271413454,-8.876779438386746,-8.83596123464113,0.9813559396567565,0.06436701693755494,0.0,25.9147608889264,78,20,4U_wt,1,-11.400187265528093,A,-10.329279448964758,0.5747230827980815
