pH,kdeg,lnkdeg
6.04,0.000865483,-3.062741458
6.207,0.000832307,-3.079716453
6.504,0.000781397,-3.10712826
6.671,0.000761988,-3.118051868
6.986,0.00074538,-3.127622264