base,type,lnkadd,lnkadd_err
A,nmr,-6.676441507,0.152050765
C,nmr,-6.981798003,0.320724539
G,nmr,-6.272974102,0.438449289
A,ss,-10.86076724,0.016342156
C,ss,-11.29237656,0.036437068
G,ss,-14.48756185,0.130122941
A,4U_agg,-11.38489036,1.17824809
C,4U_agg,-10.50304864,0.934572839
G,4U_agg,-13.05594973,1.39492627
A,hiv_agg,-10.84049232,0.023687939
C,hiv_agg,-12.55604991,0.943502215
G,hiv_agg,-9.788030737,5.1907219
,,,
,,,