,site,disp_name,base,site_nt,dG,dG_err
0,7,4U_wt,A,7A,1.0864195458951578,4.210260842401646
1,8,4U_wt,A,8A,1.0733812797344482,4.223076792019134
2,15,4U_wt,A,15A,1.7842256088867252,3.816190107741441
3,16,4U_wt,A,16A,1.969191520877896,3.7699204173132195
4,22,4U_wt,A,22A,1.4279042302461986,3.959902937832757
5,26,4U_wt,A,26A,2.104653852906915,3.7441481266570826
6,29,4U_wt,A,29A,2.133947712430243,3.739213179947541
7,34,4U_wt,A,34A,1.796252264028765,3.8131578458036013
8,35,4U_wt,A,35A,1.6619550951646611,3.856085090641254
9,7,4U_a8c,A,7A,2.0964307350881537,3.746193423012417
10,15,4U_a8c,A,15A,2.171444827572791,3.7341696077541866
11,16,4U_a8c,A,16A,2.347439786343856,3.7108952347181203
12,22,4U_a8c,A,22A,1.2789506846206633,4.050723804779976
13,26,4U_a8c,A,26A,2.231776300178766,3.7257393368038323
14,29,4U_a8c,A,29A,2.6449268157281876,3.6857263012143915
15,34,4U_a8c,A,34A,2.3092155838885833,3.825026307679848
16,35,4U_a8c,A,35A,2.026809151578609,3.879970285637098
17,9,4U_wt,C,9C,2.059764772413174,2.566662027365526
18,25,4U_wt,C,25C,3.8726207767311425,2.4982962711036842
19,8,4U_a8c,C,8C,3.341507631079155,2.5223616924088463
20,9,4U_a8c,C,9C,4.2545673438640925,2.494138036536749
21,25,4U_a8c,C,25C,4.065079191026855,2.5022874096274856
0,18,4U_a8c,A,18A,0.07327745933392468,0.02654681173022169
1,18,4U_wt,A,18A,0.3939254398854475,0.004892336920865904
