site,site_nt_wt,dG_wt,dG_err_wt,dG_a8c,dG_err_a8c,ddG,ddG_err
7,7A,0.9755147751381598,0.36529612757162483,2.1182490381227055,0.3171268590566563,1.1427342629845456,0.48374653027589265
8,8A,0.9546137369513813,0.3670052836138314,3.390620256322228,0.2923212902305476,2.4360065193708467,0.4691957106821426
9,9C,2.1351038196447116,0.16058381049188367,4.194755897417607,0.1321136786011814,2.059652077772895,0.20794514725193627
15,15A,1.7381767500995282,0.3236729238295415,2.1808622247685197,0.3164356079592287,0.44268547466899144,0.4526540131324264
16,16A,1.8761757649685924,0.3211119959661572,2.30207297112611,0.31257494720452267,0.4258972061575177,0.44812499547925183
18,18A,0.1150925551351178,0.1998917847901373,-0.1978182641084246,0.07001602363792374,-0.3129108192435424,0.21179936069934882
22,22A,1.469554373601542,0.333099045958016,1.3429318627886515,0.3296097688008529,-0.12662251081289044,0.46861239218259276
25,25C,3.4769016380863853,0.16873802871799184,4.09095897290953,0.19981556871438877,0.6140573348231451,0.26153161154301874
26,26A,1.9730397081107605,0.3193335330998758,2.252936360354591,0.3168497211774998,0.27989665224383065,0.44985292171142877
29,29A,2.048570371327257,0.31714156436762586,2.694345413841216,0.3144644031217066,0.645775042513959,0.44661687460309446
34,34A,1.4755074804451516,0.3422585425750071,2.177987299220917,0.953078283429919,0.7024798187757653,1.0126693064921486
35,35A,1.4028315483595843,0.3384767564527265,1.9211503268290757,0.9818506668085994,0.5183187784694914,1.0385553651930404
