site_num,dG_wt,dG_err_wt,dG_a8c,dG_err_a8c,ddG,ddG_err
7,1.1751158929138281,0.2277673316275218,2.268209179521795,0.21127605325360962,1.0930932866079668,0.31066948359171614
8,1.166347764190957,0.22813354890073134,3.628940235037491,0.26861148731508455,2.462592470846534,0.3524160144653818
9,1.8622131704719953,0.12157971829412723,3.5112210059858713,0.8269458064496701,1.649007835513876,0.8358355069660385
15,1.8863545620310085,0.2102017095221338,2.2548644013807055,0.207488711750936,0.36850983934969705,0.295357959415504
16,2.052301550995106,0.21048702605964179,2.3845208593267997,0.2014559224620752,0.3322193083316938,0.29135764420120847
18,0.5989034651384609,0.25690402702954146,0.04749670136935087,0.36588983756707527,-0.55140676376911,0.44707387794284753
22,1.6576580637833025,0.2143279414028887,1.470023905847138,0.21782656194409555,-0.18763415793616445,0.30558939372037275
25,3.3015475695552223,0.12967485455799863,3.8015045541734223,0.6179499211591715,0.49995698461819993,0.6314092753240678
26,2.1674195781438255,0.2074612660224701,2.364193910753761,0.20995413680201677,0.1967743326099356,0.29516252550065714
29,2.1587347950085034,0.20928048748941605,2.862814270301363,0.21021522228535705,0.7040794752928594,0.2966289974434221
34,1.7360859383858418,0.2287907585979623,2.27415073648909,0.19153957901650334,0.538064798103248,0.298383346635918
35,1.6264171725701286,0.21732453214132452,1.9723145797326114,0.19422150886957507,0.34589740716248274,0.29146517249582327
