site,base,dG,dG_err,dG_calc_20,dG_calc_20_err,dG_calc_25,dG_calc_25_err
6,G,2.2944550669216057,0.04780114722753346,9.63,1.4746653919694073,2.060229445506692,1.4842256214149139
9,C,4.041586998087954,0.1864244741873805,17.03,4.055927342256214,3.6782982791587,4.082217973231357
11,U,3.4297323135755255,0.033460803059273424,14.34,0.9847036328871893,3.126195028680688,0.9918738049713194
12,U,3.4297323135755255,0.033460803059273424,14.34,0.9847036328871893,3.126195028680688,0.9918738049713194
15,A,4.00095602294455,0.05736137667304015,16.64,0.8126195028680688,3.573135755258126,0.8173996175908221
16,A,2.468929254302103,0.05019120458891013,10.31,1.5654875717017207,2.325525812619503,1.5750478011472275
25,C,6.837954110898661,0.745697896749522,28.44,11.453154875717017,5.712237093690248,11.524856596558317
26,A,2.978011472275335,0.04063097514340344,12.57,1.4890057361376674,2.741395793499044,1.4985659655831738
27,G,2.9421606118546846,0.014340344168260038,12.38,0.42782026768642445,2.774856596558317,0.4326003824091778
28,G,3.405831739961759,0.033460803059273424,14.28,1.5678776290630974,3.107074569789675,1.577437858508604
29,A,4.311663479923518,0.09560229445506692,18.09,2.908699808795411,3.895793499043977,2.9278202676864242
33,U,2.9995219885277247,0.043021032504780114,12.44,1.6443594646271509,2.8154875717017207,1.6563097514340344
