group,ea,ea_err,lnA,lnA_err,base,method
melted_agg_A,11.61250850026501,1.7534009244721658,13.650816936071132,2.583320286418872,A,PRIME
nmr_A,15.55465309848812,5.34574396208206,19.554807036726004,8.675663830306783,A,NMR
melted_agg_C,10.042827058551826,2.716794519030368,11.558037662306717,4.030321760879963,C,PRIME
nmr_C,22.236463116711505,1.539726252824051,30.67830644645749,2.5293419214018664,C,NMR
