site,disp_name,lnkobs_20C,lnkobs_20C_err,lnkadd_20C,lnkadd_20C_err,base
7,4U_wt,-12.604655982458016,0.10833753010871251,-10.329279448964758,0.5747230827980815,A
8,4U_wt,-12.585305797286377,0.11123826899002141,-10.329279448964758,0.5747230827980815,A
15,4U_wt,-13.70418416249085,0.12495492949044912,-10.329279448964758,0.5747230827980815,A
16,4U_wt,-14.009469426522765,0.13327659219754254,-10.329279448964758,0.5747230827980815,A
22,4U_wt,-13.129509848799225,0.11921700284004391,-10.329279448964758,0.5747230827980815,A
26,4U_wt,-14.235150352145359,0.13124260744255983,-10.329279448964758,0.5747230827980815,A
29,4U_wt,-14.284147007820778,0.12199259525629934,-10.329279448964758,0.5747230827980815,A
34,4U_wt,-13.723915908790453,0.15772435033546875,-10.329279448964758,0.5747230827980815,A
35,4U_wt,-13.504673205586199,0.13166974378152332,-10.329279448964758,0.5747230827980815,A
7,4U_a8c,-14.221407930940504,0.17539014652366844,-10.329279448964758,0.5747230827980815,A
15,4U_a8c,-14.346953958635954,0.17715575585262539,-10.329279448964758,0.5747230827980815,A
16,4U_a8c,-14.642922599583347,0.151124028672539,-10.329279448964758,0.5747230827980815,A
22,4U_a8c,-12.896674636518423,,-10.329279448964758,0.5747230827980815,A
26,4U_a8c,-14.448205107821636,0.18858491597401042,-10.329279448964758,0.5747230827980815,A
29,4U_a8c,-15.146575913872702,0.19735455932365684,-10.329279448964758,0.5747230827980815,A
34,4U_a8c,-14.57849125881779,1.5398090556323876,-10.329279448964758,0.5747230827980815,A
35,4U_a8c,-14.105270846535559,1.6112975254725657,-10.329279448964758,0.5747230827980815,A
9,4U_wt,-13.258877584021999,0.15027639634477064,-9.1354126539903,0.2577499251396715,C
25,4U_wt,-16.34339183685734,0.1954883730700422,-9.1354126539903,0.2577499251396715,C
8,4U_a8c,-15.433612471661968,0.5669434376674314,-9.1354126539903,0.2577499251396715,C
9,4U_a8c,-16.9984159298587,,-9.1354126539903,0.2577499251396715,C
25,4U_a8c,-16.67340030620515,0.33210520324578946,-9.1354126539903,0.2577499251396715,C
