sample,temp,dms_0,dms_1,dms,6ppm_0,6ppm_1,6ppm,8ppm_0,8ppm_1,8ppm
25_1,25,3.91416,3.890951,3.9025555,6.044663,5.68858,5.8666215,8.130293,7.868828,7.9995605
33_1,33,4.016307,3.976052,3.9961795,5.951648,5.785108,5.868378,8.204412,7.958834,8.081623
42_1,42,4.107866,4.08607,4.096968,6.038392,5.8595,5.948946,8.251288,8.064751,8.1580195
48_1,48,4.169123,4.153621,4.161372,6.115487,5.918482,6.0169845,8.325142,8.063667,8.1944045