time,peak
381,0.985423354
504,0.97605999
626,0.97422628
748,0.969376082
871,0.966308817
993,0.96445167
1116,0.960570062
1238,0.960529474
1360,0.957496506
1483,0.959180212
1605,0.953481049
1727,0.954865088
1850,0.954914152
1972,0.957574199
2094,0.952430801
2217,0.963385669
2339,0.950251308
2461,0.95793541
2584,0.953124202
2706,0.954559638
2828,0.954008202
2951,0.953932799