time,peak
442,0.977605339
565,0.974658894
687,0.970267079
809,0.967841914
932,0.963407053
1054,0.964011369
1176,0.956707561
1299,0.957335653
1421,0.955790507
1543,0.953944711
1666,0.956355372
1788,0.954105566
1910,0.953081124
2033,0.952998599
2155,0.95413222
2277,0.95156575
2400,0.950028883
2522,0.949743001
2644,0.949165815
2767,0.951529076
2889,0.948484644
3012,0.945976834