time,peak
442,0.524082572
565,0.522020034
687,0.519695975
809,0.518543583
932,0.520166972
1054,0.518563244
1421,0.514311549
1666,0.515708532
1788,0.516990928
1910,0.520197784
2033,0.520510017
2155,0.51547165
2277,0.518911987
2400,0.514891442
2522,0.518091243
2644,0.515092604
2767,0.521034124
2889,0.517430507
3012,0.515403148